Codebeschijving	Engels	Nederlands
Name for Adlm	Adlam	Adlam
Name for Afak	Afaka	Afaka
Name for Aghb	Caucasian Albanian	Kaukasisch Albanees
Name for Ahom	Ahom, Tai Ahom	Ahom, Tai Ahom
Name for Arab	Arabic	Arabisch
Name for Aran	Arabic (Nastaliq variant)	Arabisch (Nastaliq variant)
Name for Armi	Imperial Aramaic	Rijks-Aramees
Name for Armn	Armenian	Armeens
Name for Avst	Avestan	Avestaans
Name for Bali	Balinese	Balinees
Name for Bamu	Bamum	Bamum
Name for Bass	Bassa Vah	Bassa Vah
Name for Batk	Batak	Batak
Name for Beng	Bengali	Bengaals
Name for Bhks	Bhaiksuki	Bhaiksuki
Name for Blis	Blissymbols	Blissymbolen
Name for Bopo	Bopomofo	Bopomofo
Name for Brah	Brahmi	Brahmi
Name for Brai	Braille	Braille
Name for Bugi	Buginese	Buginees
Name for Buhd	Buhid	Buhid
Name for Cakm	Chakma	Chakma
Name for Cans	Unified Canadian Aboriginal Syllabics	Verenigde Canadese Aboriginal-symbolen
Name for Cari	Carian	Carisch
Name for Cham	Cham	Cham
Name for Cher	Cherokee	Cherokee
Name for Cirt	Cirth	Cirth
Name for Copt	Coptic	Koptisch
Name for Cprt	Cypriot	Cyprisch
Name for Cyrl	Cyrillic	Cyrillisch
Name for Cyrs	Cyrillic (Old Church Slavonic variant)	Cyrillisch (Oudkerkslavische variant)
Name for Deva	Devanagari (Nagari)	Devanagari (Nagari)
Name for Dsrt	Deseret (Mormon)	Deseret (Mormoons)
Name for Dupl	Duployan shorthand, Duployan stenography	Duployan stenografie
Name for Egyd	Egyptian demotic	Egyptisch demotisch
Name for Egyh	Egyptian hieratic	Egyptisch hiëratisch
Name for Egyp	Egyptian hieroglyphs	Egyptische hiërogliefen
Name for Elba	Elbasan	Elbasan
Name for Ethi	Ethiopic (Geʻez)	Ethiopisch (GeDez)
Name for Geok	Khutsuri (Asomtavruli and Nuskhuri)	Khutsuri (Asomtavruli en Nuskhuri)
Name for Geor	Georgian (Mkhedruli)	Georgisch (Mkhedruli)
Name for Glag	Glagolitic	Glagolitisch
Name for Goth	Gothic	Gothisch
Name for Gran	Grantha	Grantha
Name for Grek	Greek	Grieks
Name for Gujr	Gujarati	Gujarati
Name for Guru	Gurmukhi	Gurmukhi
Name for Hanb	Han with Bopomofo (alias for Han + Bopomofo)	Han met Bopomofo (alias voor Han + Bopomofo)
Name for Hang	Hangul (Hangŭl, Hangeul)	Hangul (Hangŭl, Hangeul)
Name for Hani	Han (Hanzi, Kanji, Hanja)	Han (Hanzi, Kanji, Hanja)
Name for Hano	Hanunoo (Hanunóo)	Hanunoo (Hanunóo)
Name for Hans	Han (Simplified variant)	Han (vereenvoudigd)
Name for Hant	Han (Traditional variant)	Han (traditioneel)
Name for Hatr	Hatran	Hatran
Name for Hebr	Hebrew	Hebreeuws
Name for Hira	Hiragana	Hiragana
Name for Hluw	Anatolian Hieroglyphs (Luwian Hieroglyphs, Hittite Hieroglyphs)	Anatolische hiërogliefen (Luwische hiërogliefen, Hettitische hiërogliefen)
Name for Hmng	Pahawh Hmong	Pahawh Hmong
Name for Hrkt	Japanese syllabaries (alias for Hiragana + Katakana)	Japanse lettergrepen (alias voor Hiragana + Katakana)
Name for Hung	Old Hungarian (Hungarian Runic)	Oudhongaars (Hongaarse runen)
Name for Inds	Indus (Harappan)	Indus (Harappan)
Name for Ital	Old Italic (Etruscan, Oscan, etc.)	Oud-Italiaans (Etruskisch, Oskisch, etc.)
Name for Jamo	Jamo (alias for Jamo subset of Hangul)	Jamo (alias voor Jamo subset van Hangul)
Name for Java	Javanese	Javaans
Name for Jpan	Japanese (alias for Han + Hiragana + Katakana)	Japans (alias voor Han + Hiragana + Katakana)
Name for Jurc	Jurchen	Jurchen
Name for Kali	Kayah Li	Kayah Li
Name for Kana	Katakana	Katakana
Name for Khar	Kharoshthi	Kharoshthi
Name for Khmr	Khmer	Khmer
Name for Khoj	Khojki	Khojki
Name for Kitl	Khitan large script	Khitan grote letters
Name for Kits	Khitan small script	Khitan kleine letters
Name for Knda	Kannada	Kannada
Name for Kore	Korean (alias for Hangul + Han)	Koreaans (alias voor (Hangul + Han)
Name for Kpel	Kpelle	Kpelle
Name for Kthi	Kaithi	Kaithi
Name for Lana	Tai Tham (Lanna)	Noordelijk Thai (Lanna)
Name for Laoo	Lao	Lao
Name for Latf	Latin (Fraktur variant)	Latijn (Fraktur-variant)
Name for Latg	Latin (Gaelic variant)	Latijn (Gaelic-variant)
Name for Latn	Latin	Latijn
Name for Leke	Leke	Leke
Name for Lepc	Lepcha (Róng)	Lepcha (Róng)
Name for Limb	Limbu	Limbu
Name for Lina	Linear A	Lineair A
Name for Linb	Linear B	Lineair B
Name for Lisu	Lisu (Fraser)	Lisu (Fraser)
Name for Loma	Loma	Loma
Name for Lyci	Lycian	Lycisch
Name for Lydi	Lydian	Lydisch
Name for Mahj	Mahajani	Mahajani
Name for Mand	Mandaic, Mandaean	Mandaeans
Name for Mani	Manichaean	Manichaeans
Name for Marc	Marchen	Marchen
Name for Maya	Mayan hieroglyphs	Mayahiërogliefen
Name for Mend	Mende Kikakui	Mende Kikakui
Name for Merc	Meroitic Cursive	Meroïtisch cursief
Name for Mero	Meroitic Hieroglyphs	Meroïtische hiërogliefen
Name for Mlym	Malayalam	Malayalam
Name for Modi	Modi, Moḍī	Modi, Moḍī
Name for Mong	Mongolian	Mongools
Name for Moon	Moon (Moon code, Moon script, Moon type)	Moon (Moon code, Moon script, Moon type)
Name for Mroo	Mro, Mru	Mro, Mru
Name for Mtei	Meitei Mayek (Meithei, Meetei)	Meitei Mayek (Meithei, Meetei)
Name for Mult	Multani	Multani
Name for Mymr	Myanmar (Burmese)	Birmees
Name for Narb	Old North Arabian (Ancient North Arabian)	Oud-Noord-Arabisch
Name for Nbat	Nabataean	Nabatees
Name for Newa	Newa, Newar, Newari, Nepāla lipi	Newa, Newar, Newari, Nepal lipi
Name for Nkgb	Nakhi Geba ('Na-'Khi ²Ggŏ-¹baw, Naxi Geba)	Nakhi Geba ('Na-'Khi ²Ggŏ-¹baw, Naxi Geba)
Name for Nkoo	N’Ko	N’Ko
Name for Nshu	Nüshu	Nüshu
Name for Ogam	Ogham	Ogham
Name for Olck	Ol Chiki (Ol Cemet’, Ol, Santali)	Ol Chiki (Ol Cemet’, Ol, Santali)
Name for Orkh	Old Turkic, Orkhon Runic	Oud Turks, Orkhon runen
Name for Orya	Oriya	Oriya
Name for Osge	Osage	Osage
Name for Osma	Osmanya	Osmanya
Name for Palm	Palmyrene	Palmyreens
Name for Pauc	Pau Cin Hau	Pau Cin Hau
Name for Perm	Old Permic	Oudpermisch
Name for Phag	Phags-pa	Phags-pa
Name for Phli	Inscriptional Pahlavi	Inscriptie Pahlavi
Name for Phlp	Psalter Pahlavi	Psalmen Pahlavi
Name for Phlv	Book Pahlavi	Book Pahlavi
Name for Phnx	Phoenician	Fenicisch
Name for Piqd	Klingon (KLI pIqaD)	Klingon (KLI pIqaD)
Name for Plrd	Miao (Pollard)	Miao (Pollard)
Name for Prti	Inscriptional Parthian	Inscriptie Parthian
Name for Qaaa	Reserved for private use (start)	Gereserveerd voor privégebruik (begin)
Name for Qabx	Reserved for private use (end)	Gereserveerd voor privégebruik (einde)
Name for Rjng	Rejang (Redjang, Kaganga)	Rejang (Redjang, Kaganga)
Name for Roro	Rongorongo	Rongorongo
Name for Runr	Runic	Runen
Name for Samr	Samaritan	Samaritaans
Name for Sara	Sarati	Sarati
Name for Sarb	Old South Arabian	Oud-Zuid-Arabisch
Name for Saur	Saurashtra	Saurashtra
Name for Sgnw	SignWriting	Gebarentaal
Name for Shaw	Shavian (Shaw)	Shavian (Shaw)
Name for Shrd	Sharada, Śāradā	Sharada, Śāradā
Name for Sidd	Siddham, Siddhaṃ, Siddhamātṛkā	Siddham, Siddhaṃ, Siddhamātṛkā
Name for Sind	Khudawadi, Sindhi	Khudawadi, Sindhi
Name for Sinh	Sinhala	Sinhala
Name for Sora	Sora Sompeng	Sora Sompeng
Name for Sund	Sundanese	Soendanees
Name for Sylo	Syloti Nagri	Syloti Nagri
Name for Syrc	Syriac	Syrisch
Name for Syre	Syriac (Estrangelo variant)	Syrisch (Estrangelo-variant)
Name for Syrj	Syriac (Western variant)	Syrisch (Westerse variant)
Name for Syrn	Syriac (Eastern variant)	Syrisch (Oosterse variant)
Name for Tagb	Tagbanwa	Tagbanwa
Name for Takr	Takri, Ṭākrī, Ṭāṅkrī	Takri, Ṭākrī, Ṭāṅkrī
Name for Tale	Tai Le	Tai Le
Name for Talu	New Tai Lue	Nieuw Tai Lue
Name for Taml	Tamil	Tamil
Name for Tang	Tangut	Tangut
Name for Tavt	Tai Viet	Tai Viet
Name for Telu	Telugu	Telugu
Name for Teng	Tengwar	Tengwar
Name for Tfng	Tifinagh (Berber)	Tifinagh (Berbers)
Name for Tglg	Tagalog (Baybayin, Alibata)	Tagalog (Baybayin, Alibata)
Name for Thaa	Thaana	Thaana
Name for Thai	Thai	Thais
Name for Tibt	Tibetan	Tibetaans
Name for Tirh	Tirhuta	Tirhuta
Name for Ugar	Ugaritic	Ugaritisch
Name for Vaii	Vai	Vai
Name for Visp	Visible Speech	Zichtbare spraak
Name for Wara	Warang Citi (Varang Kshiti)	Warang Citi (Varang Kshiti)
Name for Wole	Woleai	Woleai
Name for Xpeo	Old Persian	Oudperzisch
Name for Xsux	Cuneiform, Sumero-Akkadian	Spijkerschrift, Sumerisch-Akkadiaans
Name for Yiii	Yi	Yi
Name for Zinh	Code for inherited script	Code voor overgeërfd schrift
Name for Zmth	Mathematical notation	Wiskundige notatie
Name for Zsye	Symbols (Emoji variant)	Symbolen (Emoji-variant)
Name for Zsym	Symbols	Symbolen
Name for Zxxx	Code for unwritten documents	Code voor ongeschreven documenten
Name for Zyyy	Code for undetermined script	Code voor onbepaald schrift
Name for Zzzz	Code for uncoded script	Code voor niet-gecodeerd schrift
