Code	Engels	Nederlands
Adlm, Name for	Adlam	Adlam
Afak, Name for	Afaka	Afaka
Aghb, Name for	Caucasian Albanian	Kaukasisch Albanees
Ahom, Name for	Ahom, Tai Ahom	Ahom; Tai Ahom
Arab, Name for	Arabic	Arabisch
Aran, Name for	Arabic (Nastaliq variant)	Arabisch (Nastaliqvariant)
Armi, Name for	Imperial Aramaic	Rijksaramees
Armn, Name for	Armenian	Armeens
Avst, Name for	Avestan	Avestaans
Bali, Name for	Balinese	Balinees
Bamu, Name for	Bamum	Bamum
Bass, Name for	Bassa Vah	Bassa Vah
Batk, Name for	Batak	Batak
Beng, Name for	Bengali	Bengaals
Bhks, Name for	Bhaiksuki	Bhaiksuki
Blis, Name for	Blissymbols	Blissymbolen
Bopo, Name for	Bopomofo	Bopomofo
Brah, Name for	Brahmi	Brahmi
Brai, Name for	Braille	Braille
Bugi, Name for	Buginese	Buginees
Buhd, Name for	Buhid	Buhid
Cakm, Name for	Chakma	Chakma
Cans, Name for	Unified Canadian Aboriginal Syllabics	Verenigde Canadese Aboriginalsymbolen
Cari, Name for	Carian	Carisch
Cham, Name for	Cham	Cham
Cher, Name for	Cherokee	Cherokee
Cirt, Name for	Cirth	Cirth
Copt, Name for	Coptic	Koptisch
Cprt, Name for	Cypriot	Cyprisch
Cyrl, Name for	Cyrillic	Cyrillisch
Cyrs, Name for	Cyrillic (Old Church Slavonic variant)	Cyrillisch (Oudkerkslavische variant)
Deva, Name for	Devanagari (Nagari)	Devanagari; Nagari
Dsrt, Name for	Deseret (Mormon)	Deseret; Mormoons
Dupl, Name for	Duployan shorthand, Duployan stenography	Duployan stenografie
Egyd, Name for	Egyptian demotic	Egyptisch Demotisch
Egyh, Name for	Egyptian hieratic	Egyptisch hiëratisch
Egyp, Name for	Egyptian hieroglyphs	Egyptische hiërogliefen
Elba, Name for	Elbasan	Elbasan
Ethi, Name for	Ethiopic (Geʻez)	Ethiopisch; Ge'ez
Geok, Name for	Khutsuri (Asomtavruli and Nuskhuri)	Khutsuri (Asomtavruli en Nuskhuri)
Geor, Name for	Georgian (Mkhedruli)	Georgisch (Mkhedruli)
Glag, Name for	Glagolitic	Glagolitisch
Goth, Name for	Gothic	Gothisch
Gran, Name for	Grantha	Grantha
Grek, Name for	Greek	Grieks
Gujr, Name for	Gujarati	Gujarati
Guru, Name for	Gurmukhi	Gurmukhi
Hanb, Name for	Han with Bopomofo (alias for Han + Bopomofo)	Han met Bopomofo
Hang, Name for	Hangul (Hangŭl, Hangeul)	Hangul; Hangŭl; Hangeul
Hani, Name for	Han (Hanzi, Kanji, Hanja)	Han (Hanzi, Kanji, Hanja)
Hano, Name for	Hanunoo (Hanunóo)	Hanunoo; Hanunóo
Hans, Name for	Han (Simplified variant)	Han (vereenvoudigde variant)
Hant, Name for	Han (Traditional variant)	Han (traditionele variant)
Hatr, Name for	Hatran	Hatran
Hebr, Name for	Hebrew	Hebreeuws
Hira, Name for	Hiragana	Hiragana
Hluw, Name for	Anatolian Hieroglyphs (Luwian Hieroglyphs, Hittite Hieroglyphs)	Anatolische hiërogliefen (Luwische hiërogliefen en Hettitische hiërogliefen)
Hmng, Name for	Pahawh Hmong	Pahawh Hmong
Hrkt, Name for	Japanese syllabaries (alias for Hiragana + Katakana)	Japanse lettergrepen (alias voor Hiragana en Katakana)
Hung, Name for	Old Hungarian (Hungarian Runic)	Oud-Hongaars (Hongaarse runen)
Inds, Name for	Indus (Harappan)	Indus; Harappan
Ital, Name for	Old Italic (Etruscan, Oscan, etc.)	Oud-Italiaans (Etruskisch, Oskisch en meer)
Jamo, Name for	Jamo (alias for Jamo subset of Hangul)	Jamo (alias voor subset Jamo van Hangul)
Java, Name for	Javanese	Javaans
Jpan, Name for	Japanese (alias for Han + Hiragana + Katakana)	Japans (alias voor Han, Hiragana en Katakana)
Jurc, Name for	Jurchen	Jurchen
Kali, Name for	Kayah Li	Kayah Li
Kana, Name for	Katakana	Katakana
Khar, Name for	Kharoshthi	Kharoshthi
Khmr, Name for	Khmer	Khmer
Khoj, Name for	Khojki	Khojki
Kitl, Name for	Khitan large script	Khitan grote letters
Kits, Name for	Khitan small script	Khitan kleine letters
Knda, Name for	Kannada	Kannada
Kore, Name for	Korean (alias for Hangul + Han)	Koreaans (alias voor Hangul en Han)
Kpel, Name for	Kpelle	Kpelle
Kthi, Name for	Kaithi	Kaithi
Lana, Name for	Tai Tham (Lanna)	Noordelijk Thai; Lanna
Laoo, Name for	Lao	Lao
Latf, Name for	Latin (Fraktur variant)	Latijn (Frakturvariant)
Latg, Name for	Latin (Gaelic variant)	Latijn (Gaelicvariant)
Latn, Name for	Latin	Latijn
Leke, Name for	Leke	Leke
Lepc, Name for	Lepcha (Róng)	Lepcha; Róng
Limb, Name for	Limbu	Limbu
Lina, Name for	Linear A	Lineair A
Linb, Name for	Linear B	Lineair B
Lisu, Name for	Lisu (Fraser)	Lisu; Fraser
Loma, Name for	Loma	Loma
Lyci, Name for	Lycian	Lycisch
Lydi, Name for	Lydian	Lydisch
Mahj, Name for	Mahajani	Mahajani
Mand, Name for	Mandaic, Mandaean	Mandaeans
Mani, Name for	Manichaean	Manichaeans
Marc, Name for	Marchen	Marchen
Maya, Name for	Mayan hieroglyphs	Mayahiërogliefen
Mend, Name for	Mende Kikakui	Mende Kikakui
Merc, Name for	Meroitic Cursive	Meroïtisch cursief
Mero, Name for	Meroitic Hieroglyphs	Meroïtische hiërogliefen
Mlym, Name for	Malayalam	Malayalam
Modi, Name for	Modi, Moḍī	Modi
Mong, Name for	Mongolian	Mongools
Moon, Name for	Moon (Moon code, Moon script, Moon type)	Moon (Mooncode, Moonschrift en Moontype)
Mroo, Name for	Mro, Mru	Mro; Mru
Mtei, Name for	Meitei Mayek (Meithei, Meetei)	Meitei Mayek; Meithei Mayek; Meetei Mayek
Mult, Name for	Multani	Multani
Mymr, Name for	Myanmar (Burmese)	Birmaans; Birmees
Narb, Name for	Old North Arabian (Ancient North Arabian)	Oud-Noord-Arabisch
Nbat, Name for	Nabataean	Nabatees
Newa, Name for	Newa, Newar, Newari, Nepāla lipi	Newaars; Newari; Nepalees
Nkgb, Name for	Nakhi Geba ('Na-'Khi ²Ggŏ-¹baw, Naxi Geba)	Nakhi Geba; Naxi Geba
Nkoo, Name for	N’Ko	N'Ko
Nshu, Name for	Nüshu	Nüshu
Ogam, Name for	Ogham	Ogham
Olck, Name for	Ol Chiki (Ol Cemet’, Ol, Santali)	Ol Chiki; Ol Cemet'; Ol; Santali
Orkh, Name for	Old Turkic, Orkhon Runic	Oud-Turks; Orkhon runen
Orya, Name for	Oriya	Oriya
Osge, Name for	Osage	Osage
Osma, Name for	Osmanya	Osmanya
Palm, Name for	Palmyrene	Palmyreens
Pauc, Name for	Pau Cin Hau	Pau Cin Hau
Perm, Name for	Old Permic	Oud-Permisch
Phag, Name for	Phags-pa	Phags-pa
Phli, Name for	Inscriptional Pahlavi	Inscriptie Pahlavi
Phlp, Name for	Psalter Pahlavi	Psalmen Pahlavi
Phlv, Name for	Book Pahlavi	Book Pahlavi
Phnx, Name for	Phoenician	Fenicisch
Piqd, Name for	Klingon (KLI pIqaD)	Klingon (KLI pIqaD)
Plrd, Name for	Miao (Pollard)	Miao (Pollard)
Prti, Name for	Inscriptional Parthian	Inscriptie Parthian
Qaaa, Name for	Reserved for private use (start)	Gereserveerd voor privégebruik (begin)
Qabx, Name for	Reserved for private use (end)	Gereserveerd voor privégebruik (einde)
Rjng, Name for	Rejang (Redjang, Kaganga)	Rejang; Redjang; Kaganga
Roro, Name for	Rongorongo	Rongorongo
Runr, Name for	Runic	Runen
Samr, Name for	Samaritan	Samaritaans
Sara, Name for	Sarati	Sarati
Sarb, Name for	Old South Arabian	Oud-Zuid-Arabisch
Saur, Name for	Saurashtra	Saurashtra
Sgnw, Name for	SignWriting	SignWriting
Shaw, Name for	Shavian (Shaw)	Shavian (Shaw)
Shrd, Name for	Sharada, Śāradā	Sharada
Sidd, Name for	Siddham, Siddhaṃ, Siddhamātṛkā	Siddham; Siddhamatrika; Kutila
Sind, Name for	Khudawadi, Sindhi	Khudawadi; Sindhi
Sinh, Name for	Sinhala	Sinhala
Sora, Name for	Sora Sompeng	Sora Sompeng
Sund, Name for	Sundanese	Soendanees
Sylo, Name for	Syloti Nagri	Syloti Nagri
Syrc, Name for	Syriac	Syrisch
Syre, Name for	Syriac (Estrangelo variant)	Syrisch (Estrangelovariant)
Syrj, Name for	Syriac (Western variant)	Syrisch (westerse variant)
Syrn, Name for	Syriac (Eastern variant)	Syrisch (oosterse variant)
Tagb, Name for	Tagbanwa	Tagbanwa
Takr, Name for	Takri, Ṭākrī, Ṭāṅkrī	Takri; Tankri
Tale, Name for	Tai Le	Tai Le
Talu, Name for	New Tai Lue	Nieuw Tai Lue
Taml, Name for	Tamil	Tamil
Tang, Name for	Tangut	Tangut
Tavt, Name for	Tai Viet	Tai Viet
Telu, Name for	Telugu	Telugu
Teng, Name for	Tengwar	Tengwar
Tfng, Name for	Tifinagh (Berber)	Tifinagh (Berbers)
Tglg, Name for	Tagalog (Baybayin, Alibata)	Tagalog; Baybayin
Thaa, Name for	Thaana	Thaana
Thai, Name for	Thai	Thais
Tibt, Name for	Tibetan	Tibetaans
Tirh, Name for	Tirhuta	Tirhuta
Ugar, Name for	Ugaritic	Ugaritisch
Vaii, Name for	Vai	Vai
Visp, Name for	Visible Speech	Zichtbare spraak
Wara, Name for	Warang Citi (Varang Kshiti)	Warang Citi (Varang Kshiti)
Wole, Name for	Woleai	Woleai
Xpeo, Name for	Old Persian	Oud-Perzisch
Xsux, Name for	Cuneiform, Sumero-Akkadian	Spijkerschrift, Soemerisch-Akkadisch
Yiii, Name for	Yi	Yi
Zinh, Name for	Code for inherited script	Code voor overgeërfd schrift
Zmth, Name for	Mathematical notation	Wiskundige notatie
Zsye, Name for	Symbols (Emoji variant)	Symbolen (emojivariant)
Zsym, Name for	Symbols	Symbolen
Zxxx, Name for	Code for unwritten documents	Code voor ongeschreven documenten
Zyyy, Name for	Code for undetermined script	Code voor onbepaald schrift
Zzzz, Name for	Code for uncoded script	Code voor niet-gecodeerd schrift
